"id","description","images"
"1","Un chat dort sur le canapé","[{""id"": ""img1"", ""src"": ""https://images.unsplash.com/photo-1514888286974-6c03e2ca1dba?w=400&q=80"", ""isCorrect"": false}, {""id"": ""img2"", ""src"": ""https://images.unsplash.com/photo-1541781777621-af13943727dd?w=400&q=80"", ""isCorrect"": true}, {""id"": ""img3"", ""src"": ""https://images.unsplash.com/photo-1533738363-b7f9aef128ce?w=400&q=80"", ""isCorrect"": false}, {""id"": ""img4"", ""src"": ""https://images.unsplash.com/photo-1573865526739-10659fec78a5?w=400&q=80"", ""isCorrect"": false}]"
"2","Une femme mange une pomme","[{""id"": ""img1"", ""src"": ""https://images.unsplash.com/photo-1567306301408-9b74779a11af?w=400&q=80"", ""isCorrect"": true}, {""id"": ""img2"", ""src"": ""https://images.unsplash.com/photo-1560807707-8cc77767d783?w=400&q=80"", ""isCorrect"": false}, {""id"": ""img3"", ""src"": ""https://images.unsplash.com/photo-1476224203421-9ac39bcb3327?w=400&q=80"", ""isCorrect"": false}, {""id"": ""img4"", ""src"": ""https://images.unsplash.com/photo-1494790108377-be9c29b29330?w=400&q=80"", ""isCorrect"": false}]"
"3","Un homme lit un livre","[{""id"": ""img1"", ""src"": ""https://images.unsplash.com/photo-1507003211169-0a1dd7228f2d?w=400&q=80"", ""isCorrect"": false}, {""id"": ""img2"", ""src"": ""https://images.unsplash.com/photo-1524504388940-b1c1722653e1?w=400&q=80"", ""isCorrect"": false}, {""id"": ""img3"", ""src"": ""https://images.unsplash.com/photo-1481627834876-b7833e8f5570?w=400&q=80"", ""isCorrect"": true}, {""id"": ""img4"", ""src"": ""https://images.unsplash.com/photo-1456513080510-7bf3a84b82f8?w=400&q=80"", ""isCorrect"": false}]"
"4","Des enfants jouent dans un parc","[{""id"": ""img1"", ""src"": ""https://images.unsplash.com/photo-1472162072942-cd5147eb3902?w=400&q=80"", ""isCorrect"": true}, {""id"": ""img2"", ""src"": ""https://images.unsplash.com/photo-1519331379826-f10be5486c6f?w=400&q=80"", ""isCorrect"": false}, {""id"": ""img3"", ""src"": ""https://images.unsplash.com/photo-1529156069898-49953e39b3ac?w=400&q=80"", ""isCorrect"": false}, {""id"": ""img4"", ""src"": ""https://images.unsplash.com/photo-1503454537195-1dcabb73ffb9?w=400&q=80"", ""isCorrect"": false}]"
"5","Un chien court sur la plage","[{""id"": ""img1"", ""src"": ""https://images.unsplash.com/photo-1587300003388-59208cc962cb?w=400&q=80"", ""isCorrect"": false}, {""id"": ""img2"", ""src"": ""https://images.unsplash.com/photo-1548199973-03cce0bbc87b?w=400&q=80"", ""isCorrect"": false}, {""id"": ""img3"", ""src"": ""https://images.unsplash.com/photo-1552053831-71594a27632d?w=400&q=80"", ""isCorrect"": false}, {""id"": ""img4"", ""src"": ""https://images.unsplash.com/photo-1537151608828-ea2b11777ee8?w=400&q=80"", ""isCorrect"": true}]"
"6","Une voiture rouge est garée dans la rue","[{""id"": ""img1"", ""src"": ""https://images.unsplash.com/photo-1494976388531-d1058494cdd8?w=400&q=80"", ""isCorrect"": false}, {""id"": ""img2"", ""src"": ""https://images.unsplash.com/photo-1583121274602-3e2820c69888?w=400&q=80"", ""isCorrect"": true}, {""id"": ""img3"", ""src"": ""https://images.unsplash.com/photo-1502877338535-766e1452684a?w=400&q=80"", ""isCorrect"": false}, {""id"": ""img4"", ""src"": ""https://images.unsplash.com/photo-1533473359331-0135ef1b58bf?w=400&q=80"", ""isCorrect"": false}]"
"7","Un cuisinier prépare un repas","[{""id"": ""img1"", ""src"": ""https://images.unsplash.com/photo-1556909114-f6e7ad7d3136?w=400&q=80"", ""isCorrect"": false}, {""id"": ""img2"", ""src"": ""https://images.unsplash.com/photo-1565299624946-b28f40a0ae38?w=400&q=80"", ""isCorrect"": false}, {""id"": ""img3"", ""src"": ""https://images.unsplash.com/photo-1466637574441-749b8f19452f?w=400&q=80"", ""isCorrect"": true}, {""id"": ""img4"", ""src"": ""https://images.unsplash.com/photo-1504674900247-0877df9cc836?w=400&q=80"", ""isCorrect"": false}]"
"8","Une famille prend le petit-déjeuner","[{""id"": ""img1"", ""src"": ""https://images.unsplash.com/photo-1484723091739-30a097e8f929?w=400&q=80"", ""isCorrect"": true}, {""id"": ""img2"", ""src"": ""https://images.unsplash.com/photo-1490645935967-10de6ba17061?w=400&q=80"", ""isCorrect"": false}, {""id"": ""img3"", ""src"": ""https://images.unsplash.com/photo-1543352634-a1c51d9f1fa7?w=400&q=80"", ""isCorrect"": false}, {""id"": ""img4"", ""src"": ""https://images.unsplash.com/photo-1528207776546-365bb710ee93?w=400&q=80"", ""isCorrect"": false}]"
"9","Un avion décolle de l'aéroport","[{""id"": ""img1"", ""src"": ""https://images.unsplash.com/photo-1436491865332-7a61a109cc05?w=400&q=80"", ""isCorrect"": false}, {""id"": ""img2"", ""src"": ""https://images.unsplash.com/photo-1464037866556-6812c9d1c72e?w=400&q=80"", ""isCorrect"": false}, {""id"": ""img3"", ""src"": ""https://images.unsplash.com/photo-1569154941061-e231b4725ef1?w=400&q=80"", ""isCorrect"": false}, {""id"": ""img4"", ""src"": ""https://images.unsplash.com/photo-1542296332-2e4473faf563?w=400&q=80"", ""isCorrect"": true}]"
"10","Des fleurs poussent dans le jardin","[{""id"": ""img1"", ""src"": ""https://images.unsplash.com/photo-1416879595882-3373a0480b5b?w=400&q=80"", ""isCorrect"": false}, {""id"": ""img2"", ""src"": ""https://images.unsplash.com/photo-1490750967868-88df5691cc5e?w=400&q=80"", ""isCorrect"": true}, {""id"": ""img3"", ""src"": ""https://images.unsplash.com/photo-1444930694458-01babf71870c?w=400&q=80"", ""isCorrect"": false}, {""id"": ""img4"", ""src"": ""https://images.unsplash.com/photo-1462275646964-a0e3386b89fa?w=400&q=80"", ""isCorrect"": false}]"
"11","Un homme fait du vélo en ville","[{""id"": ""img1"", ""src"": ""https://images.unsplash.com/photo-1558618666-fcd25c85cd64?w=400&q=80"", ""isCorrect"": true}, {""id"": ""img2"", ""src"": ""https://images.unsplash.com/photo-1571068316344-75bc76f77890?w=400&q=80"", ""isCorrect"": false}, {""id"": ""img3"", ""src"": ""https://images.unsplash.com/photo-1541625602330-2277a4c46182?w=400&q=80"", ""isCorrect"": false}, {""id"": ""img4"", ""src"": ""https://images.unsplash.com/photo-1507035895480-2b3156c31fc8?w=400&q=80"", ""isCorrect"": false}]"
"12","Une femme parle au téléphone","[{""id"": ""img1"", ""src"": ""https://images.unsplash.com/photo-1573496359142-b8d87734a5a2?w=400&q=80"", ""isCorrect"": false}, {""id"": ""img2"", ""src"": ""https://images.unsplash.com/photo-1551836022-d5d88e9218df?w=400&q=80"", ""isCorrect"": false}, {""id"": ""img3"", ""src"": ""https://images.unsplash.com/photo-1534528741775-53994a69daeb?w=400&q=80"", ""isCorrect"": true}, {""id"": ""img4"", ""src"": ""https://images.unsplash.com/photo-1531746020798-e6953c6e8e04?w=400&q=80"", ""isCorrect"": false}]"
"13","Un enfant dessine avec des crayons","[{""id"": ""img1"", ""src"": ""https://images.unsplash.com/photo-1503454537195-1dcabb73ffb9?w=400&q=80"", ""isCorrect"": false}, {""id"": ""img2"", ""src"": ""https://images.unsplash.com/photo-1513364776144-60967b0f800f?w=400&q=80"", ""isCorrect"": true}, {""id"": ""img3"", ""src"": ""https://images.unsplash.com/photo-1560421683-6856ea585c78?w=400&q=80"", ""isCorrect"": false}, {""id"": ""img4"", ""src"": ""https://images.unsplash.com/photo-1452860606245-08befc0ff44b?w=400&q=80"", ""isCorrect"": false}]"
"14","Un train arrive en gare","[{""id"": ""img1"", ""src"": ""https://images.unsplash.com/photo-1474487548417-781cb71495f3?w=400&q=80"", ""isCorrect"": false}, {""id"": ""img2"", ""src"": ""https://images.unsplash.com/photo-1544620347-c4fd4a3d5957?w=400&q=80"", ""isCorrect"": false}, {""id"": ""img3"", ""src"": ""https://images.unsplash.com/photo-1553413077-190dd305871c?w=400&q=80"", ""isCorrect"": false}, {""id"": ""img4"", ""src"": ""https://images.unsplash.com/photo-1540575467063-178a50c2df87?w=400&q=80"", ""isCorrect"": true}]"
"15","Une femme fait du shopping","[{""id"": ""img1"", ""src"": ""https://images.unsplash.com/photo-1483985988355-763728e1935b?w=400&q=80"", ""isCorrect"": true}, {""id"": ""img2"", ""src"": ""https://images.unsplash.com/photo-1607082348824-0a96f2a4b9da?w=400&q=80"", ""isCorrect"": false}, {""id"": ""img3"", ""src"": ""https://images.unsplash.com/photo-1555529669-e69e7aa0ba9a?w=400&q=80"", ""isCorrect"": false}, {""id"": ""img4"", ""src"": ""https://images.unsplash.com/photo-1601924994987-69e26d50dc26?w=400&q=80"", ""isCorrect"": false}]"
"16","Un médecin examine un patient","[{""id"": ""img1"", ""src"": ""https://images.unsplash.com/photo-1576091160399-112ba8d25d1d?w=400&q=80"", ""isCorrect"": false}, {""id"": ""img2"", ""src"": ""https://images.unsplash.com/photo-1559757148-5c350d0d3c56?w=400&q=80"", ""isCorrect"": false}, {""id"": ""img3"", ""src"": ""https://images.unsplash.com/photo-1612349317150-e413f6a5b16d?w=400&q=80"", ""isCorrect"": true}, {""id"": ""img4"", ""src"": ""https://images.unsplash.com/photo-1582750433449-648ed127bb54?w=400&q=80"", ""isCorrect"": false}]"
"17","Des gens attendent le bus","[{""id"": ""img1"", ""src"": ""https://images.unsplash.com/photo-1544620347-c4fd4a3d5957?w=400&q=80"", ""isCorrect"": false}, {""id"": ""img2"", ""src"": ""https://images.unsplash.com/photo-1570125909232-eb263c188f7e?w=400&q=80"", ""isCorrect"": true}, {""id"": ""img3"", ""src"": ""https://images.unsplash.com/photo-1464219789935-c2d9d9aba644?w=400&q=80"", ""isCorrect"": false}, {""id"": ""img4"", ""src"": ""https://images.unsplash.com/photo-1558618666-fcd25c85cd64?w=400&q=80"", ""isCorrect"": false}]"
"18","Un étudiant étudie dans une bibliothèque","[{""id"": ""img1"", ""src"": ""https://images.unsplash.com/photo-1481627834876-b7833e8f5570?w=400&q=80"", ""isCorrect"": false}, {""id"": ""img2"", ""src"": ""https://images.unsplash.com/photo-1456513080510-7bf3a84b82f8?w=400&q=80"", ""isCorrect"": false}, {""id"": ""img3"", ""src"": ""https://images.unsplash.com/photo-1507003211169-0a1dd7228f2d?w=400&q=80"", ""isCorrect"": false}, {""id"": ""img4"", ""src"": ""https://images.unsplash.com/photo-1523050854058-8df90110c9f1?w=400&q=80"", ""isCorrect"": true}]"
"19","Un couple se promène dans la forêt","[{""id"": ""img1"", ""src"": ""https://images.unsplash.com/photo-1441974231531-c6227db76b6e?w=400&q=80"", ""isCorrect"": true}, {""id"": ""img2"", ""src"": ""https://images.unsplash.com/photo-1448375240586-882707db888b?w=400&q=80"", ""isCorrect"": false}, {""id"": ""img3"", ""src"": ""https://images.unsplash.com/photo-1542273917363-3b1817f69a2d?w=400&q=80"", ""isCorrect"": false}, {""id"": ""img4"", ""src"": ""https://images.unsplash.com/photo-1518173946687-a4c8892bbd9f?w=400&q=80"", ""isCorrect"": false}]"
"20","Un boulanger fait du pain","[{""id"": ""img1"", ""src"": ""https://images.unsplash.com/photo-1509440159596-0249088772ff?w=400&q=80"", ""isCorrect"": false}, {""id"": ""img2"", ""src"": ""https://images.unsplash.com/photo-1549931319-a545dcf3bc7c?w=400&q=80"", ""isCorrect"": false}, {""id"": ""img3"", ""src"": ""https://images.unsplash.com/photo-1555507036-ab1f4038808a?w=400&q=80"", ""isCorrect"": true}, {""id"": ""img4"", ""src"": ""https://images.unsplash.com/photo-1568254183919-78a4f43a2877?w=400&q=80"", ""isCorrect"": false}]"
"21","Un musicien joue de la guitare","[{""id"": ""img1"", ""src"": ""https://images.unsplash.com/photo-1510915361894-db8b60106cb1?w=400&q=80"", ""isCorrect"": false}, {""id"": ""img2"", ""src"": ""https://images.unsplash.com/photo-1525201548942-d8732f6617a0?w=400&q=80"", ""isCorrect"": true}, {""id"": ""img3"", ""src"": ""https://images.unsplash.com/photo-1493225457124-a3eb161ffa5f?w=400&q=80"", ""isCorrect"": false}, {""id"": ""img4"", ""src"": ""https://images.unsplash.com/photo-1511671782779-c97d3d27a1d4?w=400&q=80"", ""isCorrect"": false}]"
"22","Une femme nage dans la piscine","[{""id"": ""img1"", ""src"": ""https://images.unsplash.com/photo-1530549387789-4c1017266635?w=400&q=80"", ""isCorrect"": false}, {""id"": ""img2"", ""src"": ""https://images.unsplash.com/photo-1560090995-01632a28895b?w=400&q=80"", ""isCorrect"": false}, {""id"": ""img3"", ""src"": ""https://images.unsplash.com/photo-1571019613454-1cb2f99b2d8b?w=400&q=80"", ""isCorrect"": false}, {""id"": ""img4"", ""src"": ""https://images.unsplash.com/photo-1519315901367-f34ff9154487?w=400&q=80"", ""isCorrect"": true}]"
"23","Un homme travaille sur un ordinateur","[{""id"": ""img1"", ""src"": ""https://images.unsplash.com/photo-1498050108023-c5249f4df085?w=400&q=80"", ""isCorrect"": true}, {""id"": ""img2"", ""src"": ""https://images.unsplash.com/photo-1517694712202-14dd9538aa97?w=400&q=80"", ""isCorrect"": false}, {""id"": ""img3"", ""src"": ""https://images.unsplash.com/photo-1484788984921-03950022c9ef?w=400&q=80"", ""isCorrect"": false}, {""id"": ""img4"", ""src"": ""https://images.unsplash.com/photo-1461749280684-dccba630e2f6?w=400&q=80"", ""isCorrect"": false}]"
"24","Des touristes visitent un monument","[{""id"": ""img1"", ""src"": ""https://images.unsplash.com/photo-1499856871958-5b9627545d1a?w=400&q=80"", ""isCorrect"": false}, {""id"": ""img2"", ""src"": ""https://images.unsplash.com/photo-1502602898657-3e91760cbb34?w=400&q=80"", ""isCorrect"": false}, {""id"": ""img3"", ""src"": ""https://images.unsplash.com/photo-1543349689-9a4d426bee8e?w=400&q=80"", ""isCorrect"": true}, {""id"": ""img4"", ""src"": ""https://images.unsplash.com/photo-1431274172761-fca41d930114?w=400&q=80"", ""isCorrect"": false}]"
"25","Un fermier travaille dans les champs","[{""id"": ""img1"", ""src"": ""https://images.unsplash.com/photo-1500937386664-56d1dfef3854?w=400&q=80"", ""isCorrect"": false}, {""id"": ""img2"", ""src"": ""https://images.unsplash.com/photo-1464226184884-fa280b87c399?w=400&q=80"", ""isCorrect"": true}, {""id"": ""img3"", ""src"": ""https://images.unsplash.com/photo-1416879595882-3373a0480b5b?w=400&q=80"", ""isCorrect"": false}, {""id"": ""img4"", ""src"": ""https://images.unsplash.com/photo-1574943320219-553eb213f72d?w=400&q=80"", ""isCorrect"": false}]"
"26","Une fille joue avec un ballon","[{""id"": ""img1"", ""src"": ""https://images.unsplash.com/photo-1472162072942-cd5147eb3902?w=400&q=80"", ""isCorrect"": false}, {""id"": ""img2"", ""src"": ""https://images.unsplash.com/photo-1529156069898-49953e39b3ac?w=400&q=80"", ""isCorrect"": false}, {""id"": ""img3"", ""src"": ""https://images.unsplash.com/photo-1503454537195-1dcabb73ffb9?w=400&q=80"", ""isCorrect"": false}, {""id"": ""img4"", ""src"": ""https://images.unsplash.com/photo-1519331379826-f10be5486c6f?w=400&q=80"", ""isCorrect"": true}]"
"27","Un chat regarde par la fenêtre","[{""id"": ""img1"", ""src"": ""https://images.unsplash.com/photo-1573865526739-10659fec78a5?w=400&q=80"", ""isCorrect"": true}, {""id"": ""img2"", ""src"": ""https://images.unsplash.com/photo-1514888286974-6c03e2ca1dba?w=400&q=80"", ""isCorrect"": false}, {""id"": ""img3"", ""src"": ""https://images.unsplash.com/photo-1533738363-b7f9aef128ce?w=400&q=80"", ""isCorrect"": false}, {""id"": ""img4"", ""src"": ""https://images.unsplash.com/photo-1541781777621-af13943727dd?w=400&q=80"", ""isCorrect"": false}]"
"28","Un homme court dans la rue","[{""id"": ""img1"", ""src"": ""https://images.unsplash.com/photo-1571008887538-b36bb32f4571?w=400&q=80"", ""isCorrect"": false}, {""id"": ""img2"", ""src"": ""https://images.unsplash.com/photo-1476480862126-209bfaa8edc8?w=400&q=80"", ""isCorrect"": false}, {""id"": ""img3"", ""src"": ""https://images.unsplash.com/photo-1552674605-db6ffd4facb5?w=400&q=80"", ""isCorrect"": true}, {""id"": ""img4"", ""src"": ""https://images.unsplash.com/photo-1461897104016-0b3b00cc81ee?w=400&q=80"", ""isCorrect"": false}]"
"29","Une femme arrose les plantes","[{""id"": ""img1"", ""src"": ""https://images.unsplash.com/photo-1416879595882-3373a0480b5b?w=400&q=80"", ""isCorrect"": false}, {""id"": ""img2"", ""src"": ""https://images.unsplash.com/photo-1466692476868-aef1dfb1e735?w=400&q=80"", ""isCorrect"": true}, {""id"": ""img3"", ""src"": ""https://images.unsplash.com/photo-1444930694458-01babf71870c?w=400&q=80"", ""isCorrect"": false}, {""id"": ""img4"", ""src"": ""https://images.unsplash.com/photo-1462275646964-a0e3386b89fa?w=400&q=80"", ""isCorrect"": false}]"
"30","Des amis dînent au restaurant","[{""id"": ""img1"", ""src"": ""https://images.unsplash.com/photo-1414235077428-338989a2e8c0?w=400&q=80"", ""isCorrect"": false}, {""id"": ""img2"", ""src"": ""https://images.unsplash.com/photo-1517248135467-4c7edcad34c4?w=400&q=80"", ""isCorrect"": false}, {""id"": ""img3"", ""src"": ""https://images.unsplash.com/photo-1424847651672-bf20a4b0982b?w=400&q=80"", ""isCorrect"": false}, {""id"": ""img4"", ""src"": ""https://images.unsplash.com/photo-1559339352-11d035aa65de?w=400&q=80"", ""isCorrect"": true}]"
"31","Un enfant apprend à lire","[{""id"": ""img1"", ""src"": ""https://images.unsplash.com/photo-1503676260728-1c00da094a0b?w=400&q=80"", ""isCorrect"": true}, {""id"": ""img2"", ""src"": ""https://images.unsplash.com/photo-1456513080510-7bf3a84b82f8?w=400&q=80"", ""isCorrect"": false}, {""id"": ""img3"", ""src"": ""https://images.unsplash.com/photo-1481627834876-b7833e8f5570?w=400&q=80"", ""isCorrect"": false}, {""id"": ""img4"", ""src"": ""https://images.unsplash.com/photo-1507003211169-0a1dd7228f2d?w=400&q=80"", ""isCorrect"": false}]"
"32","Un bateau navigue sur la mer","[{""id"": ""img1"", ""src"": ""https://images.unsplash.com/photo-1507525428034-b723cf961d3e?w=400&q=80"", ""isCorrect"": false}, {""id"": ""img2"", ""src"": ""https://images.unsplash.com/photo-1505118380757-91f5f5632de0?w=400&q=80"", ""isCorrect"": false}, {""id"": ""img3"", ""src"": ""https://images.unsplash.com/photo-1534447677768-be436bb09401?w=400&q=80"", ""isCorrect"": true}, {""id"": ""img4"", ""src"": ""https://images.unsplash.com/photo-1519046904884-53103b34b206?w=400&q=80"", ""isCorrect"": false}]"
"33","Une femme fait du yoga","[{""id"": ""img1"", ""src"": ""https://images.unsplash.com/photo-1544367567-0f2fcb009e0b?w=400&q=80"", ""isCorrect"": false}, {""id"": ""img2"", ""src"": ""https://images.unsplash.com/photo-1506126613408-eca07ce68773?w=400&q=80"", ""isCorrect"": true}, {""id"": ""img3"", ""src"": ""https://images.unsplash.com/photo-1588286840104-8957b019727f?w=400&q=80"", ""isCorrect"": false}, {""id"": ""img4"", ""src"": ""https://images.unsplash.com/photo-1575052814086-f385e2e2ad1b?w=400&q=80"", ""isCorrect"": false}]"
"34","Un marché en plein air est animé","[{""id"": ""img1"", ""src"": ""https://images.unsplash.com/photo-1488459716781-31db52582fe9?w=400&q=80"", ""isCorrect"": false}, {""id"": ""img2"", ""src"": ""https://images.unsplash.com/photo-1542838132-92c53300491e?w=400&q=80"", ""isCorrect"": false}, {""id"": ""img3"", ""src"": ""https://images.unsplash.com/photo-1533900298318-6b8da08a523e?w=400&q=80"", ""isCorrect"": false}, {""id"": ""img4"", ""src"": ""https://images.unsplash.com/photo-1519996529931-28324d5a630e?w=400&q=80"", ""isCorrect"": true}]"
"35","Un enfant mange une glace","[{""id"": ""img1"", ""src"": ""https://images.unsplash.com/photo-1497034825429-c343d7c6a68f?w=400&q=80"", ""isCorrect"": true}, {""id"": ""img2"", ""src"": ""https://images.unsplash.com/photo-1501443762994-82bd5dace89a?w=400&q=80"", ""isCorrect"": false}, {""id"": ""img3"", ""src"": ""https://images.unsplash.com/photo-1563805042-7684c019e1cb?w=400&q=80"", ""isCorrect"": false}, {""id"": ""img4"", ""src"": ""https://images.unsplash.com/photo-1576506295286-5cda18df43e7?w=400&q=80"", ""isCorrect"": false}]"
"36","Un homme répare une voiture","[{""id"": ""img1"", ""src"": ""https://images.unsplash.com/photo-1486262715619-67b85e0b08d3?w=400&q=80"", ""isCorrect"": false}, {""id"": ""img2"", ""src"": ""https://images.unsplash.com/photo-1530046339160-ce3e530c7d2f?w=400&q=80"", ""isCorrect"": false}, {""id"": ""img3"", ""src"": ""https://images.unsplash.com/photo-1492144534655-ae79c964c9d7?w=400&q=80"", ""isCorrect"": true}, {""id"": ""img4"", ""src"": ""https://images.unsplash.com/photo-1503376780353-7e6692767b70?w=400&q=80"", ""isCorrect"": false}]"
"37","Une femme peint un tableau","[{""id"": ""img1"", ""src"": ""https://images.unsplash.com/photo-1513364776144-60967b0f800f?w=400&q=80"", ""isCorrect"": false}, {""id"": ""img2"", ""src"": ""https://images.unsplash.com/photo-1460661419201-fd4cecdf8a8b?w=400&q=80"", ""isCorrect"": true}, {""id"": ""img3"", ""src"": ""https://images.unsplash.com/photo-1547826039-bfc35e0f1ea8?w=400&q=80"", ""isCorrect"": false}, {""id"": ""img4"", ""src"": ""https://images.unsplash.com/photo-1452860606245-08befc0ff44b?w=400&q=80"", ""isCorrect"": false}]"
"38","Des oiseaux volent dans le ciel","[{""id"": ""img1"", ""src"": ""https://images.unsplash.com/photo-1444464666168-49d633b86797?w=400&q=80"", ""isCorrect"": false}, {""id"": ""img2"", ""src"": ""https://images.unsplash.com/photo-1444464666168-49d633b86797?w=400&q=80"", ""isCorrect"": false}, {""id"": ""img3"", ""src"": ""https://images.unsplash.com/photo-1444464666168-49d633b86797?w=400&q=80"", ""isCorrect"": false}, {""id"": ""img4"", ""src"": ""https://images.unsplash.com/photo-1444464666168-49d633b86797?w=400&q=80"", ""isCorrect"": true}]"
"39","Un homme pêche au bord du lac","[{""id"": ""img1"", ""src"": ""https://images.unsplash.com/photo-1500463959177-e0869687df26?w=400&q=80"", ""isCorrect"": true}, {""id"": ""img2"", ""src"": ""https://images.unsplash.com/photo-1504701954957-2010ec3bcec1?w=400&q=80"", ""isCorrect"": false}, {""id"": ""img3"", ""src"": ""https://images.unsplash.com/photo-1516912481808-3406841bd33c?w=400&q=80"", ""isCorrect"": false}, {""id"": ""img4"", ""src"": ""https://images.unsplash.com/photo-1544551763-46a013bb70d5?w=400&q=80"", ""isCorrect"": false}]"
"40","Une femme lit dans un café","[{""id"": ""img1"", ""src"": ""https://images.unsplash.com/photo-1495474472287-4d71bcdd2085?w=400&q=80"", ""isCorrect"": false}, {""id"": ""img2"", ""src"": ""https://images.unsplash.com/photo-1501339847302-ac426a4a7cbb?w=400&q=80"", ""isCorrect"": false}, {""id"": ""img3"", ""src"": ""https://images.unsplash.com/photo-1521017432531-fbd92d768814?w=400&q=80"", ""isCorrect"": true}, {""id"": ""img4"", ""src"": ""https://images.unsplash.com/photo-1554118811-1e0d58224f24?w=400&q=80"", ""isCorrect"": false}]"
"41","Un groupe fait une randonnée en montagne","[{""id"": ""img1"", ""src"": ""https://images.unsplash.com/photo-1464822759023-fed622ff2c3b?w=400&q=80"", ""isCorrect"": false}, {""id"": ""img2"", ""src"": ""https://images.unsplash.com/photo-1551632811-561732d1e306?w=400&q=80"", ""isCorrect"": true}, {""id"": ""img3"", ""src"": ""https://images.unsplash.com/photo-1486870591958-9b9d0d1dda99?w=400&q=80"", ""isCorrect"": false}, {""id"": ""img4"", ""src"": ""https://images.unsplash.com/photo-1454496522488-7a8e488e8606?w=400&q=80"", ""isCorrect"": false}]"
