ExerciseID,Level,LearningLang,KnownLang,title_en,title_fr,context_en,context_fr,objectives_en,objectives_fr,exchanges,timeLimitSeconds,difficulty,exercise_tag
RCG001,B1,fr,en,Planning a Trip,Planifier un voyage,"You are a young professional planning a weekend trip with your friends. You are going to discuss different travel and accommodation options. Right now, you need to decide the best plan that fits everyone’s budget, time, and preferences.","Vous êtes un jeune professionnel qui planifie un voyage de week-end avec vos amis. Vous allez discuter de différentes options de transport et d’hébergement. En ce moment, vous devez décider du meilleur plan qui correspond au budget, au temps et aux préférences de chacun.","Compare different options
Give reasons for your choices
Explain preferences (price, time, comfort)
Suggest a final plan
Adjust if needed","Comparer différentes options
Donner des raisons pour vos choix
Expliquer vos préférences (prix, temps, confort)
Proposer un plan final
S’adapter si nécessaire","[{""speakerText"": ""Vous êtes un jeune professionnel qui planifie un voyage de week-end avec vos amis. Vous allez discuter de différentes options de transport et d’hébergement. En ce moment, vous devez décider du meilleur plan qui correspond au budget, au temps et aux préférences de chacun."", ""speakerText_en"": ""You are a young professional planning a weekend trip with your friends. You are going to discuss different travel and accommodation options. Right now, you need to decide the best plan that fits everyone’s budget, time, and preferences."", ""questionText"": ""Pourquoi faut-il comparer différentes options ?"", ""questionText_en"": ""Why is it important to compare different options?"", ""correctOptionId"": 3, ""options"": [{""id"": 0, ""text_fr"": ""Pour réduire le nombre de destinations."", ""text_en"": ""To reduce the number of destinations.""}, {""id"": 1, ""text_fr"": ""Pour suivre toujours la même option."", ""text_en"": ""To always follow the same option.""}, {""id"": 2, ""text_fr"": ""Pour éviter de voyager."", ""text_en"": ""To avoid traveling.""}, {""id"": 3, ""text_fr"": ""Pour choisir la meilleure solution selon le budget et le temps."", ""text_en"": ""To choose the best solution based on budget and time.""}]}, {""speakerText"": ""Vous êtes un jeune professionnel qui planifie un voyage de week-end avec vos amis. Vous allez discuter de différentes options de transport et d’hébergement. En ce moment, vous devez décider du meilleur plan qui correspond au budget, au temps et aux préférences de chacun."", ""speakerText_en"": ""You are a young professional planning a weekend trip with your friends. You are going to discuss different travel and accommodation options. Right now, you need to decide the best plan that fits everyone’s budget, time, and preferences."", ""questionText"": ""Pourquoi donnez-vous des raisons pour vos choix ?"", ""questionText_en"": ""Why do you give reasons for your choices?"", ""correctOptionId"": 2, ""options"": [{""id"": 0, ""text_fr"": ""Pour éviter toute discussion."", ""text_en"": ""To avoid any discussion.""}, {""id"": 1, ""text_fr"": ""Pour choisir sans réfléchir."", ""text_en"": ""To choose without thinking.""}, {""id"": 2, ""text_fr"": ""Pour expliquer et justifier votre décision aux autres."", ""text_en"": ""To explain and justify your decision to others.""}, {""id"": 3, ""text_fr"": ""Pour changer d’avis rapidement."", ""text_en"": ""To change your mind quickly.""}]}, {""speakerText"": ""Vous êtes un jeune professionnel qui planifie un voyage de week-end avec vos amis. Vous allez discuter de différentes options de transport et d’hébergement. En ce moment, vous devez décider du meilleur plan qui correspond au budget, au temps et aux préférences de chacun."", ""speakerText_en"": ""You are a young professional planning a weekend trip with your friends. You are going to discuss different travel and accommodation options. Right now, you need to decide the best plan that fits everyone’s budget, time, and preferences."", ""questionText"": ""Pourquoi est-il important d’expliquer vos préférences ?"", ""questionText_en"": ""Why is it important to explain your preferences?"", ""correctOptionId"": 3, ""options"": [{""id"": 0, ""text_fr"": ""Pour réduire les choix possibles."", ""text_en"": ""To reduce the available choices.""}, {""id"": 1, ""text_fr"": ""Pour ignorer les autres options."", ""text_en"": ""To ignore other options.""}, {""id"": 2, ""text_fr"": ""Pour décider seul."", ""text_en"": ""To decide alone.""}, {""id"": 3, ""text_fr"": ""Pour montrer ce qui est important pour vous (prix, confort, temps)."", ""text_en"": ""To show what is important to you (price, comfort, time).""}]}, {""speakerText"": ""Vous êtes un jeune professionnel qui planifie un voyage de week-end avec vos amis. Vous allez discuter de différentes options de transport et d’hébergement. En ce moment, vous devez décider du meilleur plan qui correspond au budget, au temps et aux préférences de chacun."", ""speakerText_en"": ""You are a young professional planning a weekend trip with your friends. You are going to discuss different travel and accommodation options. Right now, you need to decide the best plan that fits everyone’s budget, time, and preferences."", ""questionText"": ""Pourquoi faut-il proposer un plan final ?"", ""questionText_en"": ""Why should you propose a final plan?"", ""correctOptionId"": 3, ""options"": [{""id"": 0, ""text_fr"": ""Pour changer de destination."", ""text_en"": ""To change the destination.""}, {""id"": 1, ""text_fr"": ""Pour retarder la décision."", ""text_en"": ""To delay the decision.""}, {""id"": 2, ""text_fr"": ""Pour éviter toute organisation."", ""text_en"": ""To avoid any organization.""}, {""id"": 3, ""text_fr"": ""Pour organiser le voyage et prendre une décision claire."", ""text_en"": ""To organize the trip and make a clear decision.""}]}, {""speakerText"": ""Vous êtes un jeune professionnel qui planifie un voyage de week-end avec vos amis. Vous allez discuter de différentes options de transport et d’hébergement. En ce moment, vous devez décider du meilleur plan qui correspond au budget, au temps et aux préférences de chacun."", ""speakerText_en"": ""You are a young professional planning a weekend trip with your friends. You are going to discuss different travel and accommodation options. Right now, you need to decide the best plan that fits everyone’s budget, time, and preferences."", ""questionText"": ""Pourquoi devez-vous vous adapter si nécessaire ?"", ""questionText_en"": ""Why do you need to adapt if necessary?"", ""correctOptionId"": 2, ""options"": [{""id"": 0, ""text_fr"": ""Pour annuler le voyage."", ""text_en"": ""To cancel the trip.""}, {""id"": 1, ""text_fr"": ""Pour refaire le plan complètement."", ""text_en"": ""To completely redo the plan.""}, {""id"": 2, ""text_fr"": ""Pour modifier le plan en cas de problème ou de changement."", ""text_en"": ""To modify the plan in case of problems or changes.""}, {""id"": 3, ""text_fr"": ""Pour ignorer les contraintes."", ""text_en"": ""To ignore constraints.""}]}]",360,Easy,Professional communication
RCG002,B1,fr,en,Resolving a Service Issue,Résoudre un problème de service,"You are a customer who received a damaged product. You are going to contact customer support to resolve the issue. Right now, you need to clearly explain the situation and ask for a solution.","Vous êtes un client qui a reçu un produit endommagé. Vous allez contacter le service client pour résoudre le problème. En ce moment, vous devez expliquer clairement la situation et demander une solution.","Describe what happened
Give important details (time, situation)
Explain the problem and its impact
Ask for a solution
Respond to follow-up questions","Décrire ce qui s’est passé
Donner des détails importants (moment, situation)
Expliquer le problème et son impact
Demander une solution
Répondre aux questions de suivi","[{""speakerText"": ""Vous êtes un client qui a reçu un produit endommagé. Vous allez contacter le service client pour résoudre le problème. En ce moment, vous devez expliquer clairement la situation et demander une solution."", ""speakerText_en"": ""You are a customer who received a damaged product. You are going to contact customer support to resolve the issue. Right now, you need to clearly explain the situation and ask for a solution."", ""questionText"": ""Pourquoi le départ tardif change-t-il la journée ?"", ""questionText_en"": ""Why does a late departure change the day?"", ""correctOptionId"": 3, ""options"": [{""id"": 0, ""text_fr"": ""Il rend le séjour plus long automatiquement."", ""text_en"": ""It automatically extends the stay.""}, {""id"": 1, ""text_fr"": ""Il réduit le prix de l’hôtel."", ""text_en"": ""It reduces the hotel price.""}, {""id"": 2, ""text_fr"": ""Il permet d’ajouter une nuit gratuite."", ""text_en"": ""It adds a free night.""}, {""id"": 3, ""text_fr"": ""Il modifie l’organisation de la dernière journée."", ""text_en"": ""It changes the organization of the last day.""}]}, {""speakerText"": ""Vous êtes un client qui a reçu un produit endommagé. Vous allez contacter le service client pour résoudre le problème. En ce moment, vous devez expliquer clairement la situation et demander une solution."", ""speakerText_en"": ""You are a customer who received a damaged product. You are going to contact customer support to resolve the issue. Right now, you need to clearly explain the situation and ask for a solution."", ""questionText"": ""Que doit faire le voyageur après midi sans départ tardif ?"", ""questionText_en"": ""What must a traveler do at midday without late departure?"", ""correctOptionId"": 0, ""options"": [{""id"": 0, ""text_fr"": ""Il doit attendre ailleurs avec ses bagages."", ""text_en"": ""Wait elsewhere with luggage.""}, {""id"": 1, ""text_fr"": ""Il peut partir plus tôt sans bagages."", ""text_en"": ""Leave early without luggage.""}, {""id"": 2, ""text_fr"": ""Il peut rester dans sa chambre toute la journée."", ""text_en"": ""Stay in the room all day.""}, {""id"": 3, ""text_fr"": ""Il change d’hôtel immédiatement."", ""text_en"": ""Change hotels immediately.""}]}, {""speakerText"": ""Vous êtes un client qui a reçu un produit endommagé. Vous allez contacter le service client pour résoudre le problème. En ce moment, vous devez expliquer clairement la situation et demander une solution."", ""speakerText_en"": ""You are a customer who received a damaged product. You are going to contact customer support to resolve the issue. Right now, you need to clearly explain the situation and ask for a solution."", ""questionText"": ""Quelle impression ce décalage crée-t-il ?"", ""questionText_en"": ""What feeling does this shift create?"", ""correctOptionId"": 3, ""options"": [{""id"": 0, ""text_fr"": ""Une meilleure organisation du temps."", ""text_en"": ""Better time organization.""}, {""id"": 1, ""text_fr"": ""Une sensation de fatigue physique."", ""text_en"": ""Physical fatigue.""}, {""id"": 2, ""text_fr"": ""Une réduction du stress."", ""text_en"": ""Less stress.""}, {""id"": 3, ""text_fr"": ""Une impression étrange dans la journée."", ""text_en"": ""A strange feeling during the day.""}]}, {""speakerText"": ""Vous êtes un client qui a reçu un produit endommagé. Vous allez contacter le service client pour résoudre le problème. En ce moment, vous devez expliquer clairement la situation et demander une solution."", ""speakerText_en"": ""You are a customer who received a damaged product. You are going to contact customer support to resolve the issue. Right now, you need to clearly explain the situation and ask for a solution."", ""questionText"": ""Pourquoi le départ tardif est-il utile ?"", ""questionText_en"": ""Why is late departure useful?"", ""correctOptionId"": 3, ""options"": [{""id"": 0, ""text_fr"": ""Il améliore les transports."", ""text_en"": ""It improves transport.""}, {""id"": 1, ""text_fr"": ""Il réduit les bagages."", ""text_en"": ""It reduces luggage.""}, {""id"": 2, ""text_fr"": ""Il garantit un service gratuit."", ""text_en"": ""It guarantees a free service.""}, {""id"": 3, ""text_fr"": ""Il permet de se reposer ou travailler plus longtemps."", ""text_en"": ""It allows more time to rest or work.""}]}, {""speakerText"": ""Vous êtes un client qui a reçu un produit endommagé. Vous allez contacter le service client pour résoudre le problème. En ce moment, vous devez expliquer clairement la situation et demander une solution."", ""speakerText_en"": ""You are a customer who received a damaged product. You are going to contact customer support to resolve the issue. Right now, you need to clearly explain the situation and ask for a solution."", ""questionText"": ""Pourquoi tous les hôtels ne l’acceptent-ils pas ?"", ""questionText_en"": ""Why don’t all hotels accept it?"", ""correctOptionId"": 0, ""options"": [{""id"": 0, ""text_fr"": ""Les chambres doivent être prêtes pour les nouveaux clients."", ""text_en"": ""Rooms must be ready for new guests.""}, {""id"": 1, ""text_fr"": ""Les clients ne le demandent pas."", ""text_en"": ""Customers don’t ask for it.""}, {""id"": 2, ""text_fr"": ""Le service est trop cher."", ""text_en"": ""The service is too expensive.""}, {""id"": 3, ""text_fr"": ""Les hôtels sont toujours complets."", ""text_en"": ""Hotels are always full.""}]}, {""speakerText"": ""Vous êtes un client qui a reçu un produit endommagé. Vous allez contacter le service client pour résoudre le problème. En ce moment, vous devez expliquer clairement la situation et demander une solution."", ""speakerText_en"": ""You are a customer who received a damaged product. You are going to contact customer support to resolve the issue. Right now, you need to clearly explain the situation and ask for a solution."", ""questionText"": ""Pourquoi le départ tardif change-t-il la journée ?"", ""questionText_en"": ""Why does a late departure change the day?"", ""correctOptionId"": 1, ""options"": [{""id"": 0, ""text_fr"": ""Il rend le séjour plus long automatiquement."", ""text_en"": ""It automatically extends the stay.""}, {""id"": 1, ""text_fr"": ""Il modifie l’organisation de la dernière journée."", ""text_en"": ""It changes the organization of the last day.""}, {""id"": 2, ""text_fr"": ""Il réduit le prix de l’hôtel."", ""text_en"": ""It reduces the hotel price.""}, {""id"": 3, ""text_fr"": ""Il permet d’ajouter une nuit gratuite."", ""text_en"": ""It adds a free night.""}]}, {""speakerText"": ""Vous êtes un client qui a reçu un produit endommagé. Vous allez contacter le service client pour résoudre le problème. En ce moment, vous devez expliquer clairement la situation et demander une solution."", ""speakerText_en"": ""You are a customer who received a damaged product. You are going to contact customer support to resolve the issue. Right now, you need to clearly explain the situation and ask for a solution."", ""questionText"": ""Que doit faire le voyageur après midi sans départ tardif ?"", ""questionText_en"": ""What must a traveler do at midday without late departure?"", ""correctOptionId"": 0, ""options"": [{""id"": 0, ""text_fr"": ""Il doit attendre ailleurs avec ses bagages."", ""text_en"": ""Wait elsewhere with luggage.""}, {""id"": 1, ""text_fr"": ""Il peut partir plus tôt sans bagages."", ""text_en"": ""Leave early without luggage.""}, {""id"": 2, ""text_fr"": ""Il change d’hôtel immédiatement."", ""text_en"": ""Change hotels immediately.""}, {""id"": 3, ""text_fr"": ""Il peut rester dans sa chambre toute la journée."", ""text_en"": ""Stay in the room all day.""}]}, {""speakerText"": ""Vous êtes un client qui a reçu un produit endommagé. Vous allez contacter le service client pour résoudre le problème. En ce moment, vous devez expliquer clairement la situation et demander une solution."", ""speakerText_en"": ""You are a customer who received a damaged product. You are going to contact customer support to resolve the issue. Right now, you need to clearly explain the situation and ask for a solution."", ""questionText"": ""Quelle impression ce décalage crée-t-il ?"", ""questionText_en"": ""What feeling does this shift create?"", ""correctOptionId"": 2, ""options"": [{""id"": 0, ""text_fr"": ""Une sensation de fatigue physique."", ""text_en"": ""Physical fatigue.""}, {""id"": 1, ""text_fr"": ""Une réduction du stress."", ""text_en"": ""Less stress.""}, {""id"": 2, ""text_fr"": ""Une impression étrange dans la journée."", ""text_en"": ""A strange feeling during the day.""}, {""id"": 3, ""text_fr"": ""Une meilleure organisation du temps."", ""text_en"": ""Better time organization.""}]}, {""speakerText"": ""Vous êtes un client qui a reçu un produit endommagé. Vous allez contacter le service client pour résoudre le problème. En ce moment, vous devez expliquer clairement la situation et demander une solution."", ""speakerText_en"": ""You are a customer who received a damaged product. You are going to contact customer support to resolve the issue. Right now, you need to clearly explain the situation and ask for a solution."", ""questionText"": ""Pourquoi le départ tardif est-il utile ?"", ""questionText_en"": ""Why is late departure useful?"", ""correctOptionId"": 0, ""options"": [{""id"": 0, ""text_fr"": ""Il permet de se reposer ou travailler plus longtemps."", ""text_en"": ""It allows more time to rest or work.""}, {""id"": 1, ""text_fr"": ""Il garantit un service gratuit."", ""text_en"": ""It guarantees a free service.""}, {""id"": 2, ""text_fr"": ""Il réduit les bagages."", ""text_en"": ""It reduces luggage.""}, {""id"": 3, ""text_fr"": ""Il améliore les transports."", ""text_en"": ""It improves transport.""}]}, {""speakerText"": ""Vous êtes un client qui a reçu un produit endommagé. Vous allez contacter le service client pour résoudre le problème. En ce moment, vous devez expliquer clairement la situation et demander une solution."", ""speakerText_en"": ""You are a customer who received a damaged product. You are going to contact customer support to resolve the issue. Right now, you need to clearly explain the situation and ask for a solution."", ""questionText"": ""Pourquoi tous les hôtels ne l’acceptent-ils pas ?"", ""questionText_en"": ""Why don’t all hotels accept it?"", ""correctOptionId"": 3, ""options"": [{""id"": 0, ""text_fr"": ""Le service est trop cher."", ""text_en"": ""The service is too expensive.""}, {""id"": 1, ""text_fr"": ""Les hôtels sont toujours complets."", ""text_en"": ""Hotels are always full.""}, {""id"": 2, ""text_fr"": ""Les clients ne le demandent pas."", ""text_en"": ""Customers don’t ask for it.""}, {""id"": 3, ""text_fr"": ""Les chambres doivent être prêtes pour les nouveaux clients."", ""text_en"": ""Rooms must be ready for new guests.""}]}]",360,Easy,Professional communication
