ExerciseID,Instruction_EN,Instruction_FR,Level,LearningLang,KnownLang,passage_title_en,passage_title_fr,passage_before_en,passage_before_fr,passage_after_en,passage_after_fr,options_en,options_fr,correctIndex,timeLimitSeconds,difficulty,exercise_tag
SCN001,Complete the Passage,Terminez le passage,B1,fr,en,Payment alert,Alerte de paiement,"Account maintenance fees often seem modest when considered on their own. However, their weight becomes more visible as soon as they are considered over time, especially for customers who use few associated services. The issue does not come only from the amount, but from the way these fees settle into banking routine without causing any immediate reaction. Because they are deducted regularly, many users stop questioning them and end up treating them as a fixed fact.","Les frais de tenue de compte paraissent souvent modestes lorsqu’on les regarde isolément. Pourtant, leur poids devient plus visible dès qu’on les rapporte à la durée, surtout pour les clients qui utilisent peu de services associés. Le problème ne vient pas seulement du montant, mais de la manière dont ces frais s’installent dans la routine bancaire sans provoquer de réaction immédiate. Comme ils sont prélevés régulièrement, beaucoup d’usagers cessent de les questionner et finissent par les considérer comme une donnée fixe.","Some accounts do indeed include useful advantages, but those advantages still need to match actual usage. From that point on, paying for a package of options that are rarely used looks less like a service than like costly inertia. A yearly review of the account does not eliminate all fees, but it at least makes it possible to distinguish those that pay for a real need from those that survive simply through forgetfulness.","Certains comptes incluent certes des avantages utiles, mais encore faut-il que ces avantages correspondent à l’usage réel. Dès lors, payer pour un ensemble d’options rarement mobilisées ressemble moins à un service qu’à une inertie coûteuse. Un examen annuel du compte ne supprime pas tous les frais, mais il permet au moins de distinguer ceux qui rémunèrent un besoin réel de ceux qui survivent simplement par oubli.","[""In practice, some apps also allow spending to be sorted automatically by category."", ""In reality, this habit mainly benefits the institution, because it reduces the likelihood that a customer will seriously compare several offers."", ""However, these fees become more acceptable when the bank increases the frequency of its promotional messages."", ""Consequently, customers often close their account after the first deduction, without looking for an explanation.""]","[""En pratique, certaines applications permettent aussi de classer automatiquement les dépenses par catégorie."", ""En réalité, cette habitude profite surtout à l’établissement, car elle réduit la probabilité qu’un client compare sérieusement plusieurs offres."", ""Toutefois, ces frais deviennent plus acceptables quand la banque augmente la fréquence de ses messages promotionnels."", ""Par conséquent, les clients ferment souvent leur compte dès le premier prélèvement, sans chercher d’explication.""]",1,360,Easy,Animals Toys House
SCN002,Complete the Passage,Terminez le passage,B1,fr,en,Late departure,Départ tardif,"The hybrid meeting is often presented as a modern compromise between flexibility and presence. In principle, the idea is appealing, since it allows some participants to be on site while others join remotely. In practice, the balance remains fragile. As soon as a sound problem appears or part of the group forgets the presence of online colleagues, the discussion stops being shared and breaks into unequal levels of attention. Those who are physically present then intervene more spontaneously, whereas those at a distance often wait for a clear moment to enter the conversation. This asymmetry does not make the format useless, but it forces people to redefine the implicit rules of speaking.","La réunion hybride est souvent présentée comme un compromis moderne entre flexibilité et présence. Sur le principe, l’idée séduit, puisqu’elle permet à certains participants d’être sur place tandis que d’autres rejoignent l’échange à distance. En pratique, l’équilibre reste fragile. Dès qu’un problème sonore apparaît ou qu’une partie du groupe oublie la présence des collègues en ligne, la discussion cesse d’être commune et se fragmente en niveaux d’attention inégaux. Les personnes présentes physiquement interviennent alors plus spontanément, alors que celles qui sont à distance attendent souvent un moment clair pour entrer dans la conversation. Cette asymétrie ne rend pas la formule inutile, mais elle oblige à redéfinir les règles implicites de prise de parole.","Without that framework, technology only gives the illusion of inclusion. The promise of efficiency is therefore fulfilled only if the organization actively compensates for what distance removes.","Sans ce cadre, la technologie donne seulement l’illusion de l’inclusion. La promesse d’efficacité n’est donc tenue que si l’organisation compense activement ce que la distance efface.","[""On the one hand, this format removes the need for any additional coordination between participants."", ""Moreover, some companies also choose to record meetings in order to review technical points later."", ""A hybrid meeting works better when the facilitator explicitly distributes turns and regularly reformulates decisions."", ""By contrast, exchanges become more natural as soon as everyone turns off their camera during discussions.""]","[""D’une part, ce format supprime la nécessité de toute coordination supplémentaire entre les participants."", ""Par ailleurs, certaines entreprises choisissent aussi d’enregistrer les réunions pour revoir les points techniques plus tard."", ""Une réunion hybride fonctionne mieux quand l’animateur distribue explicitement les tours et reformule régulièrement les décisions."", ""En revanche, les échanges deviennent plus naturels dès lors que chacun coupe sa caméra pendant les débats.""]",2,360,Medium,Animals Toys House
SCN003,Complete the Passage,Terminez le passage,B1,fr,en,Online booking / Online reservation,Réservation en ligne,"Digital prescriptions are often praised for the simplicity they promise. The document moves faster, gets lost less easily, and limits certain reading errors that still used to complicate the dispensing of medicines. These advantages are real, especially in situations where several professionals need access to the same information without delay.","L’ordonnance numérique est souvent saluée pour la simplicité qu’elle promet. Le document circule plus vite, se perd moins facilement et limite certaines erreurs de lecture qui compliquaient encore la délivrance de médicaments. Ces avantages sont réels, surtout dans les situations où plusieurs professionnels doivent accéder à la même information sans délai.","It shifts part of the difficulties toward system access, understanding interfaces, and dependence on tools that do not always work at the right time. For some patients, the disappearance of paper even creates a feeling of uncertainty, because they feel less as if they personally hold the record of the treatment. The issue is therefore not to choose between modernity and delay, but to prevent administrative progress from creating a new practical fragility. A digital prescription becomes truly useful when it speeds up the process without reducing patient autonomy.","Elle déplace une partie des difficultés vers l’accès au système, la compréhension des interfaces et la dépendance à des outils qui ne fonctionnent pas toujours au bon moment. Pour certains patients, la disparition du papier crée même un sentiment de flou, car ils ont moins l’impression de posséder eux-mêmes la trace du traitement. La question n’est donc pas de choisir entre modernité et retard, mais d’éviter qu’un progrès administratif crée une nouvelle fragilité pratique. Une ordonnance numérique devient réellement utile lorsqu’elle accélère le parcours sans réduire l’autonomie du patient.","[""Moreover, some pharmacies also offer automatic reminders for long-term treatments."", ""However, digitization does not solve everything."", ""As a result, doctors no longer need to check whether the information is readable before sending it."", ""In reality, the disappearance of paper immediately simplifies every procedure for all patients.""]","[""Par ailleurs, certaines pharmacies proposent aussi des rappels automatiques pour les traitements longs."", ""Toutefois, la dématérialisation ne résout pas tout."", ""De ce fait, les médecins n’ont plus besoin de vérifier la lisibilité des informations avant l’envoi."", ""En réalité, la disparition du papier simplifie immédiatement toutes les démarches pour tous les patients.""]",1,360,Easy,Animals Toys House
SCN004,Complete the Passage,Terminez le passage,B1,fr,en,Short meeting,Réunion courte,"Online cultural criticism has gained visibility, but that visibility comes with a transformation of its role. Where printed criticism often operated on a slower timescale, digital formats are pushed toward quick reaction, short phrasing, and instantly shareable opinion. This development broadens the audience, which is a real improvement. By contrast, it sometimes reduces the space available for nuance, especially when the algorithm rewards sharp positioning more than patient analysis. The problem is not that opinion is more visible; it lies rather in the fact that argumentation becomes secondary when the circulation of content depends above all on its immediate impact.","La critique culturelle en ligne a gagné en visibilité, mais cette visibilité s’accompagne d’une transformation de son rôle. Là où la critique imprimée s’installait souvent dans une temporalité plus lente, les formats numériques sont poussés vers la réaction rapide, la formule brève et l’avis immédiatement partageable. Cette évolution élargit le public, ce qui constitue un progrès réel. En revanche, elle réduit parfois l’espace disponible pour la nuance, surtout lorsque l’algorithme récompense davantage la prise de position tranchée que l’analyse patiente. Le problème n’est pas que l’opinion soit plus visible ; il tient plutôt au fait que l’argumentation devient secondaire quand la circulation du contenu dépend avant tout de son impact immédiat.","The speed of digital media is therefore not the enemy of reflection, provided that it does not turn every reading into an instant verdict.","La rapidité du numérique n’est donc pas l’ennemie de la réflexion, à condition qu’elle ne transforme pas toute lecture en verdict instantané.","[""Consequently, readers always turn away from long texts in favor of very short messages."", ""In practice, several platforms now group reviews and interviews within the same editorial space."", ""Lively criticism does not need to be cold, but it loses part of its value when it gives up contextualizing the work."", ""At first glance, online criticism is appealing mainly because it removes every hierarchy between works.""]","[""Par conséquent, les lecteurs se détournent toujours des textes longs au profit des messages très courts."", ""En pratique, plusieurs plateformes regroupent désormais les critiques et les entretiens dans un même espace éditorial."", ""Une critique vivante n’a pas besoin d’être froide, mais elle perd une partie de sa valeur lorsqu’elle renonce à contextualiser l’œuvre."", ""À première vue, la critique en ligne séduit surtout parce qu’elle supprime toute hiérarchie entre les œuvres.""]",2,360,Medium,Animals Toys House
SCN005,Complete the Passage,Terminez le passage,B1,fr,en,Automatic reading / Autoplay,Lecture automatique,"Local public consultation often gives the image of an open dialogue between institutions and residents. That image is not false, but it remains incomplete unless we look at who actually takes part and under what conditions. In theory, the mechanism makes it possible to bring forward concrete needs, precise objections, and ways of using spaces that the administration knows poorly.","La consultation publique locale donne souvent l’image d’un dialogue ouvert entre institutions et habitants. Cette image n’est pas fausse, mais elle reste incomplète si l’on ne regarde pas qui participe réellement et dans quelles conditions. En théorie, le dispositif permet de faire remonter des besoins concrets, des objections précises et des usages que l’administration connaît mal.","The risk is therefore not only low participation; it also lies in unequal representation of the interests present in the territory. This gap then weakens the legitimacy of the result, even when no formal irregularity is observed. Opening a space for expression is not enough, since the conditions of access already filter out part of the public. A consultation becomes more credible when it multiplies formats, clarifies the issues in advance, and accepts that the absence of voices may sometimes be a symptom in itself.","Le risque n’est donc pas seulement une faible participation ; il réside aussi dans une représentation inégale des intérêts présents sur le territoire. Ce décalage fragilise ensuite la légitimité du résultat, même lorsqu’aucune irrégularité formelle n’est constatée. Ouvrir un espace d’expression ne suffit pas, dès lors que les modalités d’accès filtrent déjà une partie du public. Une consultation devient plus crédible quand elle multiplie les formats, clarifie les enjeux en amont et accepte que l’absence de voix soit parfois un symptôme en soi.","[""In short, local consultation always produces a faithful representation of the whole territory."", ""In practice, public speaking is more easily taken up by people who are already familiar with procedures, administrative vocabulary, and the schedules imposed by consultation."", ""From that point on, it is enough to announce the meeting earlier to remove every inequality of participation."", ""Moreover, some municipalities also publish a detailed report after each meeting.""]","[""En somme, la consultation locale produit toujours une représentation fidèle de l’ensemble du territoire."", ""En pratique, la parole publique est plus facilement prise par les personnes déjà familières des procédures, du vocabulaire administratif et des horaires imposés par la concertation."", ""Dès lors, il suffit d’annoncer la réunion plus tôt pour supprimer toute inégalité de participation."", ""Par ailleurs, certaines municipalités publient aussi un compte rendu détaillé après chaque réunion.""]",1,360,Hard,Animals Toys House
SCN006,Complete the Passage,Terminez le passage,B1,fr,en,Validation terminal / Ticket validation machine,Borne de validation,"Household waste sorting is often presented as a simple, almost obvious action, whereas in reality it relies on a chain more complex than it seems. The citizen mainly sees the moment when waste is separated, but the effectiveness of the system also depends on clear instructions, coherent collections, and downstream treatment. When those elements contradict one another, motivation quickly drops, because individual effort gives the impression of resting on unstable rules. What discourages people most is not the idea of sorting itself, but the impression that the system changes constantly or remains opaque.","Le tri domestique est souvent présenté comme un geste simple, presque évident, alors qu’il repose en réalité sur une chaîne plus complexe qu’il n’y paraît. Le citoyen voit surtout le moment où il sépare ses déchets, mais l’efficacité du système dépend aussi de la clarté des consignes, de la cohérence des collectes et du traitement en aval. Quand ces éléments se contredisent, la motivation baisse vite, car l’effort individuel donne l’impression de reposer sur des règles instables. Ce n’est pas l’idée du tri qui décourage le plus, mais l’impression que le système change sans cesse ou reste opaque.","Sorting therefore has less to do with abstract good will than with practical confidence in the organization being offered. Without that confidence, the obligation seems arbitrary; with it, collective behavior becomes easier to maintain over time.","Le tri reste donc moins une affaire de bonne volonté abstraite qu’une question de confiance pratique dans l’organisation proposée. Sans cette confiance, l’obligation semble arbitraire ; avec elle, le comportement collectif devient plus facile à maintenir dans la durée.","[""By contrast, stable visual guidance and precise feedback make the action more credible."", ""In reality, sorting becomes mainly ineffective when citizens produce too little waste."", ""Moreover, some municipalities now group several kinds of waste in the same collection bin."", ""Consequently, the obligation gradually disappears as soon as habits become stable.""]","[""À l’inverse, des indications visuelles stables et des retours d’information précis rendent le geste plus crédible."", ""En réalité, le tri devient surtout inefficace quand les citoyens produisent trop peu de déchets."", ""De plus, certaines communes regroupent désormais plusieurs déchets dans un même bac de collecte."", ""Par conséquent, l’obligation disparaît progressivement dès que les habitudes se stabilisent.""]",0,360,Easy,Animals Toys House
SCN007,Complete the Passage,Terminez le passage,B1,fr,en,Busy waiting room,Salle d’attente chargée,"Drug shortages are often seen as isolated incidents, even though they frequently reveal a broader fragility in the supply chain. For the patient, the difficulty appears at the counter, at the precise moment when the expected product is missing. Yet the visible shortage is only the last stage of a set of industrial, logistical, and regulatory dependencies that build up upstream.","La pénurie de médicaments est souvent perçue comme un incident ponctuel, alors qu’elle révèle fréquemment une fragilité plus large de la chaîne d’approvisionnement. Pour le patient, la difficulté apparaît au comptoir, au moment précis où le produit attendu manque. Pourtant, la rupture visible n’est que la dernière étape d’un ensemble de dépendances industrielles, logistiques et réglementaires qui s’accumulent en amont.","Health professionals then try to adapt, for example by proposing a therapeutic alternative or reorganizing dispensing. These solutions reduce the urgency, but they do not remove the disorder created by uncertainty. So the real problem is not only the absence of the medicine, but the unpredictability that destabilizes care, trust, and the everyday organization of patients.","Les professionnels de santé tentent alors des adaptations, par exemple en proposant une alternative thérapeutique ou en réorganisant les délivrances. Ces solutions limitent l’urgence, mais elles ne suppriment pas le désordre créé par l’incertitude. Le vrai problème n’est donc pas seulement l’absence du médicament, mais l’imprévisibilité qui déstabilise à la fois le soin, la confiance et l’organisation quotidienne des patients.","[""On the other hand, several pharmacies also choose to extend their opening hours during tense periods."", ""Some companies sometimes try to build larger stocks before winter."", ""From that point on, the shortage mainly becomes a problem of communication between doctor and patient."", ""This distance between cause and effect makes the situation especially frustrating: the person who suffers the shortage has almost no control over its origin.""]","[""En revanche, plusieurs pharmacies choisissent aussi d’élargir leurs horaires pendant les périodes tendues."", ""Certaines entreprises cherchent parfois à constituer des stocks plus importants avant l’hiver."", ""Dès lors, la rupture devient surtout un problème de communication entre le médecin et le patient."", ""Cette distance entre cause et effet rend la situation particulièrement frustrante : celui qui subit le manque n’a presque aucune prise sur son origine.""]",3,360,Medium,Animals Toys House
SCN008,Complete the Passage,Terminez le passage,B1,fr,en,Cabin baggage / Carry-on luggage,Bagage cabine,"Automatic updating is often defended in the name of security, and that argument is not exaggerated. A system corrected quickly reduces certain vulnerabilities before the user is even aware of their existence. In that sense, automation protects mainly through anticipation. However, this logic has a symbolic cost: it removes from the user part of the power to decide on the rhythm of changes made to their own device.","La mise à jour automatique est souvent défendue au nom de la sécurité, et cet argument n’est pas exagéré. Un système corrigé rapidement réduit certaines vulnérabilités avant même que l’utilisateur n’ait conscience de leur existence. En ce sens, l’automatisation protège surtout par anticipation. Toutefois, cette logique a un coût symbolique : elle retire à l’usager une partie de son pouvoir de décision sur le rythme des changements apportés à son propre appareil.","The debate therefore is not only about technology, but about the balance between safety and control. An imposed update may be rational from the point of view of the system, while being experienced as a loss of control at the individual level. The solution may not be to let users choose everything, but to make the expected effects more readable before installation.","Le débat ne porte donc pas seulement sur la technique, mais sur l’équilibre entre sûreté et maîtrise. Une mise à jour imposée peut être rationnelle du point de vue du système, tout en étant vécue comme une dépossession à l’échelle individuelle. La solution n’est peut-être pas de tout laisser choisir, mais de rendre les effets attendus plus lisibles avant l’installation.","[""A modified interface generally becomes easier to understand from the first use."", ""Moreover, some manufacturers also publish technical notes for advanced users."", ""When an update changes a familiar interface or slows down an old machine, the promise of protection comes into tension with the concrete experience of use."", ""As a result, the best solution always consists in blocking all updates after purchase.""]","[""Une interface modifiée devient généralement plus simple à comprendre dès la première utilisation."", ""Par ailleurs, certains fabricants publient aussi des notes techniques pour les utilisateurs avancés."", ""Quand une mise à jour modifie une interface familière ou ralentit une machine ancienne, la promesse de protection entre en tension avec l’expérience concrète d’utilisation."", ""De ce fait, la meilleure solution consiste toujours à bloquer toutes les mises à jour après l’achat.""]",2,360,Medium,Animals Toys House
SCN009,Complete the Passage,Terminez le passage,B1,fr,en,Online review,Avis en ligne,"A termination clause is often read too quickly, even though it sometimes determines the most sensitive part of a contract. As long as the commercial relationship works, that provision seems secondary. Yet it is at the moment when one of the parties wants to leave the agreement that its scope becomes concrete. An imprecise clause can leave room for opposing interpretations, especially regarding deadlines, acceptable reasons, or possible fees. At first glance, it is only one paragraph among others; in practice, it organizes how a commitment ends without unnecessary conflict.","La clause de résiliation est souvent lue trop vite, alors qu’elle détermine parfois la partie la plus sensible d’un contrat. Tant que la relation commerciale fonctionne, cette disposition paraît secondaire. Pourtant, c’est au moment où l’une des parties veut sortir de l’accord que sa portée devient concrète. Une clause imprécise peut laisser place à des interprétations opposées, notamment sur les délais, les motifs recevables ou les frais éventuels. À première vue, il ne s’agit que d’un paragraphe parmi d’autres ; en pratique, il organise la manière dont un engagement cesse sans conflit inutile.","The value of such a clause is not measured when no problem appears, but precisely when a disagreement begins to form. Reading this passage carefully is less about looking for a trap than about understanding how a relationship may end properly.","La valeur d’une telle clause ne se mesure pas lorsqu’aucun problème n’apparaît, mais précisément lorsqu’un désaccord commence à se former. Lire ce passage avec attention revient moins à chercher un piège qu’à comprendre comment une relation pourra se terminer correctement.","[""A long clause generally becomes safer as soon as it uses more technical vocabulary."", ""Clearer wording therefore protects not only the company, but also the customer, because it reduces areas of ambiguity."", ""Some companies also attach a commercial summary to present the included services."", ""Termination mainly becomes important when the contract has already been renewed several times.""]","[""Une clause longue devient en général plus sûre dès lors qu’elle utilise davantage de vocabulaire technique."", ""Une rédaction plus claire protège donc non seulement l’entreprise, mais aussi le client, parce qu’elle réduit les zones d’ambiguïté."", ""Certaines entreprises joignent aussi un résumé commercial pour présenter les services inclus."", ""La résiliation prend surtout de l’importance quand le contrat a déjà été renouvelé plusieurs fois.""]",1,360,Hard,Animals Toys House
